Range [NM],Range [km],Payload [kg],Fuel [kg],Take-off Mass [kg],DOC,ASK,Engine Cost Share,Capital,Crew,Maintenance,Fuel,Payload Handling,Landing Fees,ATC Fees
10,18.52,31220.0,24.928301886786357,110076.92830188679,41343228.6621201,2.3291612363062644,0.188,15226246,6843652,8737577,233728.26270568484,2497193.5487217163,98235.39931963157,7706596.451373061
20,37.04,31220.0,49.85660377358727,110101.85660377359,41491711.44998816,1.182777795270108,0.188,15226246,6843652,8684494,461917.67585593194,2465977.244128714,194142.834140814,7615281.6958626965
30,55.56,31220.0,74.78490566037362,110126.78490566037,41636715.50427754,0.8006499581236926,0.188,15226246,6843652,8632653,684762.8218249896,2435492.035119188,287804.08694479376,7526105.560388567
40,74.08,31220.0,99.71320754717453,110151.71320754717,41778363.74701379,0.609586052984911,0.188,15226246,6843652,8582013,902449.2741231305,2405712.5352427643,379297.153809783,7438993.783838113
50,92.60000000000001,31220.0,124.64150943396089,110176.64150943396,41916769.59772295,0.4949476997039336,0.188,15226246,6843652,8532531,1115154.1128006687,2376614.519954056,468696.46103441954,7353875.503933803
60,111.12,31220.0,149.5698113207618,110201.56981132076,42052044.39780146,0.41852213529445037,0.188,15226246,6843652,8484169,1323046.4048702642,2348174.8608910437,556073.0670576034,7270683.064982548
70,129.64000000000001,31220.0,174.49811320754816,110226.49811320755,42184292.806401625,0.3639324466649153,0.188,15226246,6843652,8436889,1526287.6524826267,2320371.46456452,641494.8508260555,7189351.8385284245
80,148.16,31220.0,199.42641509433452,110251.42641509433,42313615.17004214,0.3229901797008144,0.188,15226246,6843652,8390655,1725032.2113566035,2293183.215116985,725026.6876590458,7109820.055909509
90,166.68,31220.0,224.35471698113543,110276.35471698114,42440107.86795303,0.29114619613913345,0.188,15226246,6843652,8345433,1919427.681738746,2266589.9208393344,806730.6135678788,7032028.651807076
100,185.20000000000002,31220.0,249.28301886792178,110301.28301886792,42563861.63499468,0.2656710038347368,0.188,15226246,6843652,8301189,2109615.273974788,2240572.26416065,886665.9789048197,6955921.11795442
110,203.72,31220.0,274.2113207547227,110326.21132075472,42684966.8638328,0.2448276735670519,0.188,15226246,6843652,8257894,2295730.150597073,2215111.75485076,964889.5921412089,6881443.366243761
120,222.24,31220.0,299.13962264150905,110351.13962264151,42803504.88790488,0.22745822473611793,0.188,15226246,6843652,8215515,2477901.746666395,2190190.6861973577,1041455.8545067483,6808543.60053438
130,240.76000000000002,31220.0,324.0679245282954,110376.0679245283,42919558.24659091,0.2127610013489489,0.188,15226246,6843652,8174025,2656254.0699675,2165792.09393938,1116416.8861605488,6737172.196523483
140,259.28000000000003,31220.0,348.9962264150963,110400.9962264151,43033203.93387789,0.20016338211931556,0.188,15226246,6843652,8133396,2830905.9825182413,2141899.717756509,1189822.6445088787,6667281.589094263
150,277.8,31220.0,373.9245283018827,110425.92452830188,43144515.63170558,0.1892454441129419,0.188,15226246,6843652,8093601,3001971.464736607,2118497.9651310947,1261721.0352340431,6598826.166603836
160,296.32,31220.0,398.8528301886836,110450.85283018868,43253563.92908436,0.17969224472362913,0.188,15226246,6843652,8054614,3169559.863500479,2095571.8774136866,1332158.0165529288,6531762.171617268
170,314.84000000000003,31220.0,423.78113207546994,110475.78113207547,43360419.527984485,0.17126295715411807,0.188,15226246,6843652,8016413,3333776.1252316567,2073107.0979370305,1401177.6971820265,6466047.607633771
180,333.36,31220.0,448.70943396227085,110500.70943396227,43465145.43692243,0.16377025329916617,0.188,15226246,6843652,7978972,3494721.0150517947,2051089.8420356605,1468822.4284477266,6401642.151387248
190,351.88,31220.0,473.6377358490572,110525.63773584906,43567806.15309025,0.15706625687718018,0.188,15226246,6843652,7942270,3652491.3229682334,2029506.8688395661,1535132.890946092,6338507.070336368
200,370.40000000000003,31220.0,498.56603773584357,110550.56603773584,43668461.83381452,0.15103266056700368,0.188,15226246,6843652,7906285,3807180.0579798087,2008345.4547206245,1600148.1761247043,6276605.144989383
210,388.92,31220.0,523.4943396226445,110575.49433962264,43767170.458064444,0.14557369227058453,0.188,15226246,6843652,7870996,3958876.6309177373,1987593.3682799323,1663905.86313037,6215900.595736409
220,407.44,31220.0,548.4226415094308,110600.42264150943,43863986.978677705,0.14061099041927727,0.188,15226246,6843652,7836382,4107667.026777993,1967238.846772697,1726442.0912401236,6156359.013886891
230,425.96000000000004,31220.0,573.3509433962317,110625.35094339623,43958967.46592125,0.13607983145858926,0.188,15226246,6843652,7802426,4253633.967244192,1947270.5738752116,1787791.628168862,6097947.296632989
240,444.48,31220.0,598.2792452830181,110650.27924528302,44052162.24295481,0.131926268194761,0.188,15226246,6843652,7769108,4396857.064043709,1927677.658705629,1847987.9345248998,6040633.585680577
250,463.0,31220.0,623.2075471698045,110675.2075471698,44143622.01372779,0.12810499152932553,0.188,15226246,6843652,7736411,4537412.963737674,1908449.6160167945,1907063.2246645198,5984387.209308807
260,481.52000000000004,31220.0,648.1358490566054,110700.1358490566,44233392.98379578,0.12457765559481367,0.188,15226246,6843652,7704316,4675375.484495413,1889576.3474854624,1965048.5241780668,5929178.62763683
270,500.04,31220.0,673.0641509433917,110725.06415094339,44321523.9745106,0.1213116071768997,0.188,15226246,6843652,7672809,4810815.745367278,1871048.1240277386,2021973.7242231197,5874979.380892462
280,518.5600000000001,31220.0,697.9924528301926,110749.99245283019,44408057.53100529,0.11827884580126713,0.188,15226246,6843652,7641872,4943802.2885325495,1852855.5690756654,2077867.6329046693,5821762.040492413
290,537.08,31220.0,722.920754716979,110774.92075471698,44493038.02436118,0.1154552418304108,0.188,15226246,6843652,7611491,5074401.194961295,1834989.642754574,2132758.023887857,5769500.1627574535
300,555.6,31220.0,747.8490566037799,110799.84905660378,44576505.74832261,0.11281987658896817,0.188,15226246,6843652,7581650,5202676.193903516,1817441.6269050813,2186671.682415636,5718168.245098385
310,574.12,31220.0,772.7773584905663,110824.77735849057,44658502.01089284,0.11035453660406018,0.188,15226246,6843652,7552336,5328688.766583392,1800203.1108976125,2239634.4488915526,5667741.684520281
320,592.64,31220.0,797.7056603773526,110849.70566037735,44739064.22112707,0.10804327915923781,0.188,15226246,6843652,7523534,5452498.244456335,1783265.978190933,2291671.2601766298,5618196.738303174
330,611.1600000000001,31220.0,822.6339622641535,110874.63396226415,44818230.971411936,0.1058720998470445,0.188,15226246,6843652,7495232,5574161.902356175,1766622.393589578,2342806.188739031,5569510.486727147
340,629.6800000000001,31220.0,847.5622641509399,110899.56226415094,44896036.11550338,0.10382863394573165,0.188,15226246,6843652,7467415,5693735.046840779,1750264.7911581304,2393062.479785619,5521660.79771885
350,648.2,31220.0,872.4905660377408,110924.49056603774,44972516.8425773,0.10190194001589936,0.188,15226246,6843652,7440073,5811271.100023398,1734185.8627531931,2442462.5864957725,5474626.293304942
360,666.72,31220.0,897.4188679245271,110949.41886792453,45047704.747525886,0.10008228269625548,0.188,15226246,6843652,7413192,5926821.679154182,1718378.5471365312,2491028.2034696257,5428386.317765548
370,685.24,31220.0,922.3471698113135,110974.34716981131,45121633.89772283,0.09836098679419247,0.188,15226246,6843652,7386762,6040436.672203948,1702836.0196353083,2538780.2984954473,5382920.907388129
380,703.76,31220.0,947.2754716981144,110999.27547169811,45194334.89646037,0.09673028530354132,0.188,15226246,6843652,7360771,6152164.309680224,1687551.6823176115,2585739.142733868,5338210.761728663
390,722.2800000000001,31220.0,972.2037735849008,111024.2037735849,45265837.94325087,0.09518320910547787,0.188,15226246,6843652,7335208,6262051.232893802,1672519.1546535578,2631924.3394102575,5294237.216293255
400,740.8000000000001,31220.0,997.1320754717017,111049.1320754717,45336171.89117336,0.09371348524996878,0.188,15226246,6843652,7310062,6370142.558879688,1657732.264634191,2677354.851100557,5250982.216558924
410,759.32,31220.0,1022.060377358488,111074.06037735849,45405367.30143018,0.0923154581565563,0.188,15226246,6843652,7285325,6476481.942159968,1643185.04032223,2722049.025690376,5208428.293257606
420,777.84,31220.0,1046.988679245289,111098.98867924529,45473449.495273724,0.09098400235353385,0.188,15226246,6843652,7260985,6581111.633529125,1628871.7018103313,2766024.621081995,5166558.538852272
430,796.36,31220.0,1071.9169811320753,111123.91698113208,45540445.6034471,0.08971447431315681,0.188,15226246,6843652,7237033,6684072.536025117,1614786.6535641565,2809298.828719181,5125356.58513865
440,814.88,31220.0,1096.8452830188617,111148.84528301886,45606381.613279216,0.08850265209385372,0.188,15226246,6843652,7213460,6785404.258244863,1600924.477128896,2851888.295995283,5084806.5819101725
450,833.4000000000001,31220.0,1121.7735849056626,111173.77358490566,45671282.413560845,0.08734468849731739,0.188,15226246,6843652,7190257,6885145.165147822,1587279.924179305,2893809.147605963,5044893.176627749
460,851.9200000000001,31220.0,1146.701886792449,111198.70188679245,45735172.83732371,0.08623707222111544,0.188,15226246,6843652,7167416,6983332.42648551,1573847.9098945141,2935077.0059041088,5005601.495039581
470,870.44,31220.0,1171.6301886792498,111223.63018867925,45798075.702636816,0.08517658847729569,0.188,15226246,6843652,7144928,7080002.062986234,1560623.506640039,2975707.0103109055,4966917.122699636
480,888.96,31220.0,1196.5584905660362,111248.55849056604,45860012.85152414,0.08416028987024718,0.188,15226246,6843652,7122784,7175188.990413407,1547601.937940512,3015713.835833727,4928826.087336491
490,907.48,31220.0,1221.486792452837,111273.48679245284,45921008.18710674,0.0831854745462409,0.188,15226246,6843652,7100978,7268927.061613367,1534778.5727276334,3055111.710738433,4891314.842027314
500,926.0,31220.0,1246.4150943396235,111298.41509433962,45981081.70906027,0.08224965110927224,0.188,15226246,6843652,7079501,7361249.106656309,1522148.919848804,3093914.4334207987,4854370.2491343515
510,944.5200000000001,31220.0,1271.3433962264098,111323.34339622641,46040254.54747873,0.08135052662398136,0.188,15226246,6843652,7058346,7452186.971172963,1509708.6228227452,3132135.3885190636,4817979.564963954
520,963.0400000000001,31220.0,1296.2716981132107,111348.27169811321,46098546.995225824,0.08048598417090004,0.188,15226246,6843652,7037506,7541771.552978939,1497453.4548292577,3169787.562307164,4782130.425110462
530,981.5600000000001,31220.0,1321.199999999997,111373.2,46155978.538852505,0.07965406624117832,0.188,15226246,6843652,7016974,7630032.837076081,1485379.3139210036,3206883.55740582,4746810.830449597
540,1000.08,31220.0,1346.128301886798,111398.1283018868,46212567.888155326,0.07885295997634312,0.188,15226246,6843652,6996743,7716999.929114948,1473482.2184459174,3243435.606846483,4712009.133747979
550,1018.6,31220.0,1371.0566037735844,111423.05660377358,46268333.00444284,0.0780809840182628,0.188,15226246,6843652,6976806,7802701.087394787,1461758.3026695224,3279455.587521124,4677714.026857407
560,1037.1200000000001,31220.0,1395.9849056603707,111447.98490566037,46323293.12757766,0.07733658010703952,0.188,15226246,6843652,6957158,7887163.753477398,1450203.812587032,3314955.0330489227,4643914.528464313
570,1055.64,31220.0,1420.9132075471716,111472.91320754717,46377463.801853836,0.0766182941411398,0.188,15226246,6843652,6937791,7970414.58148248,1438815.1019157153,3349945.1460891278,4610599.972366513
580,1074.16,31220.0,1445.841509433958,111497.84150943396,46430862.90076824,0.07592477683484987,0.188,15226246,6843652,6918700,8052479.466131013,1427588.628258529,3384436.810127724,4577759.996250975
590,1092.68,31220.0,1470.769811320759,111522.76981132076,46483507.65074169,0.07525477015045785,0.188,15226246,6843652,6899880,8133383.569599428,1416520.949430544,3418440.600763938,4545384.53094778
600,1111.2,31220.0,1495.6981132075452,111547.69811320755,46535411.653839305,0.07460709488455444,0.188,15226246,6843652,6881323,8213151.347241084,1405608.7199401637,3451966.796521172,4513463.790136889
610,1129.72,31220.0,1520.6264150943462,111572.62641509435,46586592.90954149,0.07398065674428682,0.188,15226246,6843652,6863026,8291806.572232741,1394848.6876175706,3485025.389205592,4481988.260485584
620,1148.24,31220.0,1545.5547169811325,111597.55471698113,46637063.83560898,0.07337442403905557,0.188,15226246,6843652,6844981,8369372.359195663,1384237.6903832774,3517626.0938342847,4450948.692195753
630,1166.76,31220.0,1570.4830188679189,111622.48301886792,46686841.2880881,0.07278743803458013,0.188,15226246,6843652,6827185,8445871.186843138,1373772.653150018,3549778.358153717,4420336.089941218
640,1185.28,31220.0,1595.4113207547198,111647.41132075472,46735939.580495246,0.0722187967003052,0.188,15226246,6843652,6809633,8521324.919699011,1363450.5848516233,3581491.371768081,4390141.7041765265
650,1203.8,31220.0,1620.3396226415061,111672.3396226415,46784370.50222055,0.07166765024364657,0.188,15226246,6843652,6792318,8595754.82893213,1353268.5755928394,3612774.074896063,4360357.02279952
660,1222.3200000000002,31220.0,1645.267924528307,111697.2679245283,46832149.33618808,0.07113320616359677,0.188,15226246,6843652,6775237,8669181.612349171,1343223.7939143784,3643635.166773539,4330973.763150996
670,1240.8400000000001,31220.0,1670.1962264150934,111722.1962264151,46879287.87580572,0.07061471463272048,0.188,15226246,6843652,6758384,8741625.413583374,1333313.4841678238,3674083.1137188203,4301983.864335698
680,1259.3600000000001,31220.0,1695.1245283018798,111747.12452830188,46925800.4412399,0.07011147417493026,0.188,15226246,6843652,6741756,8813105.840518888,1323534.963995245,3704126.1568761277,4273379.479849637
690,1277.88,31220.0,1720.0528301886807,111772.05283018868,46971697.89504471,0.0696228194152467,0.188,15226246,6843652,6725347,8883641.982984189,1313885.6219087134,3733772.3196521914,4245152.970499615
700,1296.4,31220.0,1744.981132075467,111796.98113207547,47016992.65717555,0.06914812570991427,0.188,15226246,6843652,6709153,8953252.429748876,1304362.9149651085,3763029.4148600525,4217296.897601509
710,1314.92,31220.0,1769.909433962268,111821.90943396227,47061697.719416305,0.06868680491364672,0.188,15226246,6843652,6693171,9021955.284856396,1294964.3665318703,3791905.05158345,4189804.016444594
720,1333.44,31220.0,1794.8377358490543,111846.83773584905,47105823.659244865,0.06823829854607169,0.188,15226246,6843652,6677396,9089768.183320964,1285687.5641395869,3820406.6417744416,4162667.270009871
730,1351.96,31220.0,1819.7660377358552,111871.76603773586,47149380.65316425,0.06780207854340241,0.188,15226246,6843652,6661823,9156708.306219568,1276530.1574174818,3848541.4065962913,4135879.7829309106
740,1370.48,31220.0,1844.6943396226416,111896.69433962264,47192381.48952133,0.06737764948643125,0.188,15226246,6843652,6646450,9222792.395203818,1267489.8561081188,3876316.3825230054,4109434.855686396
750,1389.0,31220.0,1869.622641509428,111921.62264150943,47234835.580837876,0.06696453805316953,0.188,15226246,6843652,6631272,9288036.766459683,1258564.4281577752,3903738.4272063663,4083325.959014054
760,1407.52,31220.0,1894.5509433962288,111946.55094339623,47276753.97567379,0.06656229847139616,0.188,15226246,6843652,6616286,9352457.324137734,1249751.6978791605,3930814.225120716,4057546.728536182
770,1426.04,31220.0,1919.4792452830152,111971.47924528302,47318146.37004382,0.06617050662219251,0.188,15226246,6843652,6601488,9416069.573277812,1241049.5441832885,3957550.292995253,4032090.959587466
780,1444.5600000000002,31220.0,1944.407547169816,111996.40754716982,47359023.1184079,0.0657887613869058,0.188,15226246,6843652,6586875,9478888.632250965,1232455.8988774915,3983952.985043139,4006952.602236303
790,1463.0800000000002,31220.0,1969.3358490566025,112021.3358490566,47399392.24425184,0.06541667909384188,0.188,15226246,6843652,6572442,9540929.244737754,1223968.745026711,4010028.4979961873,3982125.7564911908
800,1481.6000000000001,31220.0,1994.2641509434034,112046.2641509434,47439264.450278245,0.06505389919993457,0.188,15226246,6843652,6558187,9602205.791265143,1215586.1153753244,4035782.8759535532,3957604.667684226
810,1500.1200000000001,31220.0,2019.1924528301897,112071.19245283019,47478649.12822208,0.0647000775372739,0.188,15226246,6843652,6544107,9662732.300318636,1207306.0908269356,4061222.0150523693,3933383.7220241344
820,1518.64,31220.0,2044.120754716976,112096.12075471698,47517554.36830902,0.06435488527343021,0.188,15226246,6843652,6530198,9722522.459049873,1199126.798979637,4086351.6679679207,3909457.442311594
830,1537.16,31220.0,2069.049056603777,112121.04905660378,47555988.96837008,0.06401801063925645,0.188,15226246,6843652,6516457,9781589.62359511,1191046.4127144136,4111177.44825056,3885820.483809992
840,1555.68,31220.0,2093.9773584905633,112145.97735849056,47593962.44262743,0.06368915795342683,0.188,15226246,6843652,6502882,9839946.82902164,1183063.1488344504,4135704.834506253,3862467.630265085
850,1574.2,31220.0,2118.9056603773643,112170.90566037736,47631481.03016614,0.06336804139430671,0.188,15226246,6843652,6489468,9897606.798918366,1175175.2667531995,4159939.1744272667,3839393.7900673104
860,1592.72,31220.0,2143.8339622641506,112195.83396226415,47668554.703102976,0.06305439356825678,0.188,15226246,6843652,6476214,9954581.954643657,1167381.067229207,4183885.688679252,3816593.9925508555
870,1611.24,31220.0,2168.762264150937,112220.76226415094,47705190.174466826,0.06274795539855627,0.188,15226246,6843652,6463116,10010884.424246645,1159678.891145738,4207549.474650643,3794063.384423799
880,1629.76,31220.0,2193.690566037738,112245.69056603774,47741395.90580111,0.062448482077988386,0.188,15226246,6843652,6450172,10066526.051073726,1152067.1183333853,4230935.510070031,3771797.2263239636
890,1648.28,31220.0,2218.6188679245242,112270.61886792452,47777179.11449989,0.06215573844023472,0.188,15226246,6843652,6437379,10121518.402073769,1144544.166433887,4254048.656496907,3749790.8894953267
900,1666.8000000000002,31220.0,2243.547169811325,112295.54716981133,47812547.78088945,0.0618695009747431,0.188,15226246,6843652,6424735,10175872.775814926,1137108.4898034902,4276893.662690915,3728039.852580117
910,1685.3200000000002,31220.0,2268.4754716981115,112320.47547169811,47847507.655063756,0.06158955336180259,0.188,15226246,6843652,6412236,10229600.210223079,1129758.578454261,4299475.167864518,3706539.6985219014
920,1703.8400000000001,31220.0,2293.4037735849124,112345.40377358491,47882067.26348588,0.0613156924110919,0.188,15226246,6843652,6399881,10282711.490055066,1122492.957031819,4321797.704823759,3685286.11157523
930,1722.3600000000001,31220.0,2318.3320754716988,112370.3320754717,47916232.91536242,0.06104772109450081,0.188,15226246,6843652,6387667,10335217.154115234,1115310.183828041,4343865.703001581,3664274.874417567
940,1740.88,31220.0,2343.260377358485,112395.26037735849,47950010.708802275,0.0607854506818553,0.188,15226246,6843652,6375591,10387127.502227498,1108208.8498273455,4365683.491387969,3643501.865359463
950,1759.4,31220.0,2368.188679245286,112420.18867924529,47983407.53676626,0.06052870156563443,0.188,15226246,6843652,6363651,10438452.601970937,1101187.5777852382,4387255.301360992,3622963.0556490873
960,1777.92,31220.0,2393.1169811320724,112445.11698113207,48016430.09281672,0.06027730156566885,0.188,15226246,6843652,6351845,10489202.295188846,1094245.021337845,4408585.269422617,3602654.5068674115
970,1796.44,31220.0,2418.0452830188733,112470.04528301887,48049084.876675546,0.06003108554628822,0.188,15226246,6843652,6340171,10539386.204280753,1087379.8641412293,4429677.439843045,3582572.3684105203
980,1814.96,31220.0,2442.9735849056597,112494.97358490566,48081377.199596226,0.05978989381339272,0.188,15226246,6843652,6328626,10589013.73828417,1080590.8190393362,4450535.767217063,3562712.8750556526
990,1833.48,31220.0,2467.901886792446,112519.90188679245,48113313.18955925,0.059553574281063566,0.188,15226246,6843652,6317208,10638094.098756164,1073876.6272594545,4471164.118935872,3543072.3446077583
1000,1852.0,31220.0,2492.830188679247,112544.83018867925,48144899.796295986,0.05932198212493077,0.188,15226246,6843652,6305916,10686636.285460792,1067236.0576341497,4491566.277577582,3523647.175623465
1010,1870.52,31220.0,2517.7584905660333,112569.75849056603,48176141.79614818,0.059094975776200674,0.188,15226246,6843652,6294747,10734649.101870501,1060667.9058486514,4511745.943219509,3504433.8452095175
1020,1889.0400000000002,31220.0,2542.686792452834,112594.68679245283,48207044.796769895,0.0588724203595632,0.188,15226246,6843652,6283699,10782141.160489097,1054170.993712723,4531706.735675231,3485428.9068928408
1030,1907.5600000000002,31220.0,2567.6150943396206,112619.61509433962,48237614.24167644,0.058654186185115094,0.188,15226246,6843652,6272770,10829120.888001554,1047744.1684561071,4551452.196659239,3466628.988559544
1040,1926.0800000000002,31220.0,2592.5433962264215,112644.54339622642,48267855.41464785,0.058440148499062095,0.188,15226246,6843652,6261958,10875596.530259022,1041386.3020466398,4570985.791881924,3448030.790460266
1050,1944.6000000000001,31220.0,2617.471698113208,112669.47169811321,48297774.44399031,0.058230188454315046,0.188,15226246,6843652,6251262,10921576.15710326,1035096.290530205,4590310.913077473,3429631.0832793787
1060,1963.1200000000001,31220.0,2642.399999999994,112694.4,48327375.30666288,0.05802418926179188,0.188,15226246,6843652,6240679,10967067.667038301,1028873.053391705,4609430.8799671875,3411426.7062656893
1070,1981.64,31220.0,2667.328301886795,112719.3283018868,48356663.832272805,0.05782204081407794,0.188,15226246,6843652,6230208,11012078.791753568,1022715.5329362771,4628348.9421606045,3393414.565422359
1080,2000.16,31220.0,2692.2566037735814,112744.25660377358,48385644.70694497,0.05762363586586668,0.188,15226246,6843652,6219847,11056617.100504395,1016622.693690011,4647068.280996701,3375591.631753859
1090,2018.68,31220.0,2717.1849056603824,112769.18490566038,48414323.47707059,0.057428872244074405,0.188,15226246,6843652,6209595,11100690.004355863,1010593.5218194509,4665592.011327389,3357954.939567893
1100,2037.2,31220.0,2742.1132075471687,112794.11320754717,48442703.552938245,0.057237649103329895,0.188,15226246,6843652,6199449,11144304.760293396,1004627.0245692037,4683923.183245388,3340501.5848302618
1110,2055.7200000000003,31220.0,2767.0415094339696,112819.04150943397,48470789.21225297,0.057049870336293336,0.188,15226246,6843652,6189407,11187468.475206723,998722.2297169885,4702064.783758478,3323228.7235707724
1120,2074.2400000000002,31220.0,2791.969811320756,112843.96981132076,48498587.603546016,0.05686544673732954,0.188,15226246,6843652,6179470,11230188.109750032,992878.185045518,4720019.738412107,3306133.5703383614
1130,2092.76,31220.0,2816.8981132075423,112868.89811320754,48526099.749480695,0.05668428527372083,0.188,15226246,6843652,6169633,11272470.482084353,987093.9578305815,4737790.912862135,3289213.396703627
1140,2111.28,31220.0,2841.8264150943432,112893.82641509434,48553332.55005661,0.0565063030413318,0.188,15226246,6843652,6159897,11314322.271505117,981368.6343447805,4755381.114399563,3272465.529807144
1150,2129.8,31220.0,2866.7547169811296,112918.75471698113,48580289.78571654,0.05633141656448714,0.188,15226246,6843652,6150260,11355750.02195942,975701.3193763425,4772793.093428895,3255887.3509518807
1160,2148.32,31220.0,2891.6830188679305,112943.68301886793,48606975.12035995,0.056159545199394555,0.188,15226246,6843652,6140720,11396760.14545747,970091.1357624845,4790029.544901805,3239476.2942381883
1170,2166.84,31220.0,2916.611320754717,112968.61132075472,48633392.10426493,0.05599061101312349,0.188,15226246,6843652,6131275,11437358.925380573,964537.2239368269,4807093.109707655,3223229.845239873
1180,2185.36,31220.0,2941.5396226415032,112993.5396226415,48659546.17692351,0.05582454096323361,0.188,15226246,6843652,6121925,11477552.519690877,959038.7414903477,4823986.376022381,3207145.539719903
1190,2203.88,31220.0,2966.467924528304,113018.4679245283,48685440.66979194,0.055661262175925534,0.188,15226246,6843652,6112668,11517346.96404495,953594.8627454228,4840711.880617192,3191220.962384368
1200,2222.4,31220.0,2991.3962264150905,113043.39622641509,48711078.80895945,0.05550070416149051,0.188,15226246,6843652,6103502,11556748.174815072,948204.7783424952,4857272.110128482,3175453.7456733957
1210,2240.92,31220.0,3016.3245283018914,113068.32452830189,48736464.71773885,0.05534279985134678,0.188,15226246,6843652,6094426,11595761.952021923,942867.6948389318,4873669.5022902675,3159841.5685877223
1220,2259.44,31220.0,3041.2528301886778,113093.25283018868,48761602.41918019,0.055187484353733454,0.188,15226246,6843652,6085439,11634393.982180374,937582.8343196599,4889906.447130455,3144382.1555497064
1230,2277.96,31220.0,3066.1811320754787,113118.18113207548,48786495.83851202,0.05503469486522233,0.188,15226246,6843652,6076540,11672649.841063047,932349.4340191756,4905985.288132165,3129073.2752976315
1240,2296.48,31220.0,3091.109433962265,113143.10943396227,48811146.80551056,0.0548843683376647,0.188,15226246,6843652,6067726,11710534.996382603,927166.7459545427,4921908.323361287,3113912.739812129
1250,2315.0,31220.0,3116.0377358490514,113168.03773584905,48835561.05680139,0.05473644815892824,0.188,15226246,6843652,6058998,11748054.810397299,922034.036569004,4937677.80656142,3098898.4032736737
1260,2333.52,31220.0,3140.9660377358523,113192.96603773585,48859741.238094255,0.05459087618364367,0.188,15226246,6843652,6050354,11785214.542440997,916950.5863858616,4953295.948217295,3084028.1610501027
1270,2352.04,31220.0,3165.8943396226387,113217.89433962264,48883689.9063537,0.054447596055238225,0.188,15226246,6843652,6041792,11822019.351380605,911915.6896722679,4968764.916587711,3069299.948713116
1280,2370.56,31220.0,3190.8226415094396,113242.82264150944,48907410.53190854,0.05430655424645629,0.188,15226246,6843652,6033311,11858474.298004052,906928.6541126057,4984086.838709023,3054711.74108286
1290,2389.08,31220.0,3215.750943396226,113267.75094339623,48930907.50050056,0.05416769997587911,0.188,15226246,6843652,6024911,11894584.347339654,901988.800491144,4999263.801370158,3040261.5512996046
1300,2407.6,31220.0,3240.6792452830123,113292.67924528301,48954183.1152761,0.05403098181718319,0.188,15226246,6843652,6016590,11930354.37091074,897095.4623836494,5014297.852060057,3025947.42992165
1310,2426.1200000000003,31220.0,3265.607547169813,113317.60754716981,48977240.598721184,0.053896350973496765,0.188,15226246,6843652,6008347,11965789.148926385,892247.9858576766,5029190.999888521,3011767.4640486026
1320,2444.6400000000003,31220.0,3290.5358490565995,113342.5358490566,49000082.094542496,0.053763759008952444,0.188,15226246,6843652,6000180,12000893.372410826,887445.7291812433,5043945.216481246,2997719.7764691818
1330,2463.1600000000003,31220.0,3315.4641509434005,113367.4641509434,49022712.66949641,0.05363316218590858,0.188,15226246,6843652,5992090,12035671.645274073,882688.0625396178,5058562.436849954,2983802.5248327646
1340,2481.6800000000003,31220.0,3340.392452830187,113392.39245283019,49045133.315166585,0.05350451372879385,0.188,15226246,6843652,5984074,12070128.48632433,877974.3677599633,5073044.560238382,2970013.9008439044
1350,2500.2000000000003,31220.0,3365.3207547169877,113417.32075471699,49067347.94969334,0.053377771451473315,0.188,15226246,6843652,5976132,12104268.331225742,873304.0380435804,5087393.450944935,2956352.129479081
1360,2518.7200000000003,31220.0,3390.249056603774,113442.24905660377,49089359.419454634,0.05325289332376521,0.188,15226246,6843652,5968263,12138095.534401445,868676.4777055033,5101610.9391227225,2942815.4682249585
1370,2537.2400000000002,31220.0,3415.1773584905604,113467.17735849056,49111169.50070188,0.05312983744109466,0.188,15226246,6843652,5960465,12171614.370885441,864091.1019212217,5115698.8215577295,2929402.206337492
1380,2555.76,31220.0,3440.1056603773613,113492.10566037736,49132782.90115078,0.05300856631100217,0.188,15226246,6843652,5952739,12204829.038123492,859547.3364802944,5129658.862425801,2916110.6641211947
1390,2574.28,31220.0,3465.0339622641477,113517.03396226415,49154200.26152887,0.0528890392354593,0.188,15226246,6843652,5945082,12237743.657725196,855044.6175466424,5143492.794029101,2902939.1922279284
1400,2592.8,31220.0,3489.9622641509486,113541.96226415095,49175425.157082,0.0527712198407007,0.188,15226246,6843652,5937494,12270362.277169347,850582.3914253063,5157202.317512714,2889886.170974635
1410,2611.32,31220.0,3514.890566037735,113566.89056603773,49196460.09903954,0.05265507171453862,0.188,15226246,6843652,5929974,12302688.871462703,846160.1143354733,5170789.103561997,2876950.0096793696
1420,2629.84,31220.0,3539.8188679245213,113591.81886792452,49217306.5360411,0.05254055838392967,0.188,15226246,6843652,5922520,12334727.344755156,841777.2521895659,5184254.793081283,2864129.1460151
1430,2648.36,31220.0,3564.7471698113222,113616.74716981132,49237968.855524875,0.052427647552605636,0.188,15226246,6843652,5915133,12366481.531911429,837433.2803782177,5197600.997854521,2851422.0453807064
1440,2666.88,31220.0,3589.6754716981086,113641.67547169811,49258449.38507906,0.052316305716026114,0.188,15226246,6843652,5907812,12397955.200041076,833127.6835609446,5210829.301188397,2838827.200288643
1450,2685.4,31220.0,3614.6037735849095,113666.60377358491,49278748.39375829,0.0522064981564545,0.188,15226246,6843652,5900554,12429152.049988668,828859.9554623388,5223941.258538509,2826343.1297687697
1460,2703.92,31220.0,3639.532075471696,113691.5320754717,49298871.09336455,0.05209819633571485,0.188,15226246,6843652,5893361,12460075.717784032,824629.59867362,5236938.398119064,2813968.378787833
1470,2722.44,31220.0,3664.4603773584968,113716.4603773585,49318817.63969554,0.0519913672579982,0.188,15226246,6843652,5886230,12490729.776055384,820436.1244593731,5249822.22149665,2801701.517684139
1480,2740.96,31220.0,3689.388679245283,113741.38867924528,49338590.13375966,0.051885980867762214,0.188,15226246,6843652,5879160,12521117.735404868,816279.0525693225,5262594.204168534,2789541.1416169447
1490,2759.48,31220.0,3714.3169811320695,113766.31698113207,49358192.622960195,0.051782009996403006,0.188,15226246,6843652,5872152,12551243.045749128,812157.9110549833,5275255.796125961,2777485.8700301247
1500,2778.0,31220.0,3739.2452830188704,113791.24528301887,49377627.102248535,0.051679426124594675,0.188,15226246,6843652,5865205,12581109.097624859,808072.2360910496,5287808.4224029295,2765534.346129694
1510,2796.52,31220.0,3764.1735849056568,113816.17358490566,49396893.515247665,0.05157819938227744,0.188,15226246,6843652,5858316,12610719.2234607,804021.5718013743,5300253.483610835,2753685.2363747484
1520,2815.04,31220.0,3789.1018867924577,113841.10188679246,49415996.75534742,0.05147830584078204,0.188,15226246,6843652,5851487,12640076.69881713,800005.4700893988,5312592.356459443,2741937.229981449
1530,2833.56,31220.0,3814.030188679244,113866.03018867924,49434937.666771136,0.051379718074986674,0.188,15226246,6843652,5844716,12669184.743593998,796023.4904729124,5324826.394264582,2730289.0384396403
1540,2852.08,31220.0,3838.9584905660304,113890.95849056603,49453717.0456158,0.05128240933701758,0.188,15226246,6843652,5838001,12698046.523208128,792075.1999229979,5336956.927442937,2718739.395041742
1550,2870.6000000000004,31220.0,3863.8867924528313,113915.88679245283,49472339.64086566,0.05118635767298616,0.188,15226246,6843652,5831344,12726665.149740702,788160.1727070524,5348985.26399436,2707287.0544235446
1560,2889.1200000000003,31220.0,3888.8150943396176,113940.81509433962,49490805.15538011,0.05109153656484676,0.188,15226246,6843652,5824742,12755043.683055751,784277.9902357613,5360912.689972026,2695930.7921165684
1570,2907.6400000000003,31220.0,3913.7433962264186,113965.74339622642,49509117.24685741,0.05099792423882494,0.188,15226246,6843652,5818196,12783185.131891077,780428.2409138983,5372740.469940806,2684669.404111631
1580,2926.1600000000003,31220.0,3938.671698113205,113990.6716981132,49527276.52877365,0.05090549640600059,0.188,15226246,6843652,5811704,12811092.454921266,776610.5199948613,5384469.8474242035,2673501.7064333213
1590,2944.6800000000003,31220.0,3963.600000000006,114015.6,49545284.571299024,0.05081423038011831,0.188,15226246,6843652,5805265,12838768.561794998,772824.4294388123,5396102.045340183,2662426.5347250337
1600,2963.2000000000003,31220.0,3988.528301886792,114040.52830188679,49563144.90219083,0.05072410607203815,0.188,15226246,6843652,5798880,12866216.31414598,769069.5777743398,5407638.266426212,2651442.7438442945
1610,2981.7200000000003,31220.0,4013.4566037735785,114065.45660377358,49580858.00766495,0.05063510084472371,0.188,15226246,6843652,5792547,12893438.52657958,765345.5799635202,5419079.69365381,2640549.2074680384
1620,3000.2400000000002,31220.0,4038.3849056603794,114090.38490566038,49598426.33324574,0.050547194624975735,0.188,15226246,6843652,5786266,12920437.967634883,761652.0572703017,5430427.490632949,2629744.8177076047
1630,3018.76,31220.0,4063.313207547166,114115.31320754717,49615852.28459487,0.05046036783218871,0.188,15226246,6843652,5780037,12947217.36072311,757988.637132102,5441682.802006539,2619028.484733123
1640,3037.28,31220.0,4088.2415094339667,114140.24150943397,49633136.22832062,0.05037459933345537,0.188,15226246,6843652,5773858,12973779.385043722,754354.9530345297,5452846.753835315,2608399.136407053
1650,3055.8,31220.0,4113.169811320753,114165.16981132075,49650279.49276677,0.05028986948830959,0.188,15226246,6843652,5767728,13000126.676477598,750750.644389151,5463920.453973402,2597855.7179266205
1660,3074.32,31220.0,4138.098113207554,114190.09811320755,49667286.368783236,0.050206162145820826,0.188,15226246,6843652,5761649,13026261.828459362,747175.3564142024,5474904.992434792,2587397.191474878
1670,3092.84,31220.0,4163.02641509434,114215.02641509434,49684156.110477366,0.050123456530058765,0.188,15226246,6843652,5755618,13052187.392828,743628.7400181786,5485801.441751015,2577022.535880168
1680,3111.36,31220.0,4187.954716981127,114239.95471698113,49700890.93594795,0.05004173533207929,0.188,15226246,6843652,5749635,13077905.880657773,740110.4516862044,5496610.8573202295,2566730.746283739
1690,3129.88,31220.0,4212.883018867928,114264.88301886793,49717492.028001286,0.04996098064771994,0.188,15226246,6843652,5743699,13103419.76306886,736620.1533691237,5507334.277747993,2556520.8338153074
1700,3148.4,31220.0,4237.811320754714,114289.81132075471,49733962.53485016,0.04988117698411759,0.188,15226246,6843652,5737811,13128731.472018696,733157.5123752223,5517972.725179924,2546391.825276315
1710,3166.92,31220.0,4262.739622641515,114314.73962264151,49750302.570796765,0.04980230622348166,0.188,15226246,6843652,5731969,13153843.401075069,729722.2012645135,5528527.205626484,2536342.762830701
1720,3185.44,31220.0,4287.667924528301,114339.6679245283,49766514.21689888,0.049724352636250566,0.188,15226246,6843652,5726173,13178757.906170277,726313.8977455222,5538998.709280117,2526372.703702959
1730,3203.96,31220.0,4312.596226415088,114364.59622641509,49782599.52162092,0.04964730085655212,0.188,15226246,6843652,5720423,13203477.306338236,722932.284574485,5549388.210824911,2516480.7198832883
1740,3222.48,31220.0,4337.5245283018885,114389.52452830189,49798558.501469515,0.04957113388088643,0.188,15226246,6843652,5714717,13228003.884433918,719577.0494569186,5559696.669739031,2506665.897839649
1750,3241.0,31220.0,4362.452830188675,114414.45283018867,49814394.14161415,0.049495838044338485,0.188,15226246,6843652,5709056,13252339.887836022,716247.8849514779,5569925.030590115,2496927.3382365284
1760,3259.52,31220.0,4387.381132075476,114439.38113207548,49830107.39649376,0.04942139802431698,0.188,15226246,6843652,5703439,13276487.529133713,712944.4883760442,5580074.223323773,2487264.1556602316
1770,3278.04,31220.0,4412.309433962262,114464.30943396226,49845698.19040885,0.04934779783922614,0.188,15226246,6843652,5697864,13300448.986796886,709666.5617159919,5590145.163545441,2477675.4783505313
1780,3296.56,31220.0,4437.237735849063,114489.23773584906,49861170.41810048,0.04927502578922389,0.188,15226246,6843652,5692333,13324226.405831663,706413.8115345637,5600138.752795749,2468160.447938508
1790,3315.0800000000004,31220.0,4462.166037735849,114514.16603773585,49876523.945315346,0.04920306652011863,0.188,15226246,6843652,5686844,13347821.898420122,703185.9488853045,5610055.87881953,2458718.2191903866
1800,3333.6000000000004,31220.0,4487.094339622636,114539.09433962264,49891760.60935855,0.04913190695843912,0.188,15226246,6843652,5681397,13371237.544546073,699982.6892264998,5619897.41582872,2449347.959757258
1810,3352.1200000000003,31220.0,4512.022641509437,114564.02264150944,49906881.21963344,0.04906153333656912,0.188,15226246,6843652,5675991,13394475.392606163,696803.7523375585,5629664.22475924,2440048.8499304787
1820,3370.6400000000003,31220.0,4536.950943396223,114588.95094339622,49921887.55816906,0.048991933156002046,0.188,15226246,6843652,5670626,13417537.460007062,693648.8622372993,5639357.153522063,2430820.082402632
1830,3389.1600000000003,31220.0,4561.879245283024,114613.87924528302,49936781.380136214,0.04892309419142285,0.188,15226246,6843652,5665302,13440425.733749636,690517.7471040782,5648977.037248607,2421660.8620338966
1840,3407.6800000000003,31220.0,4586.80754716981,114638.80754716981,49951562.414351225,0.04885500252718902,0.188,15226246,6843652,5660017,13463142.170999262,687410.1391977196,5658524.698530579,2412570.405623664
1850,3426.2000000000003,31220.0,4611.735849056597,114663.7358490566,49966233.36376902,0.04878764744856145,0.188,15226246,6843652,5654772,13485688.699644053,684325.7747831973,5668000.947654472,2403547.941687298
1860,3444.7200000000003,31220.0,4636.6641509433975,114688.6641509434,49980794.90596478,0.048721016536163786,0.188,15226246,6843652,5649566,13508067.218840107,681264.3940560205,5677406.582830786,2394592.7102378667
1870,3463.2400000000002,31220.0,4661.592452830184,114713.59245283018,49995248.693604894,0.04865509859501905,0.188,15226246,6843652,5644399,13530279.59954468,678225.7410692858,5686742.390418173,2385703.962572753
1880,3481.76,31220.0,4686.520754716985,114738.52075471698,50009595.35490778,0.04858988169673028,0.188,15226246,6843652,5639270,13552327.685037877,675209.563662341,5696009.145142577,2376880.9610649836
1890,3500.28,31220.0,4711.449056603771,114763.44905660377,50023836.494094044,0.0485253551211007,0.188,15226246,6843652,5634179,13574213.291432265,672215.6133910341,5705207.610311564,2368122.978959188
1900,3518.8,31220.0,4736.377358490572,114788.37735849057,50037972.69182729,0.04846150740512747,0.188,15226246,6843652,5629125,13595938.208171856,669243.6454594912,5714338.538023905,2359429.300172035
1910,3537.32,31220.0,4761.305660377358,114813.30566037736,50052005.50564452,0.048398328278683865,0.188,15226246,6843652,5624108,13617504.198519502,666293.4186533972,5723402.669374564,2350799.2190970634
1920,3555.84,31220.0,4786.233962264145,114838.23396226414,50065936.470378,0.04833580768560429,0.188,15226246,6843652,5619128,13638913.000034273,663364.6952747324,5732400.734655216,2342232.0404137727
1930,3574.36,31220.0,4811.162264150946,114863.16226415095,50079765.098567165,0.048273933850259215,0.188,15226246,6843652,5614183,13660166.32503798,660457.2410779312,5741333.453550386,2333727.0789008723
1940,3592.88,31220.0,4836.090566037732,114888.09056603773,50093494.88086195,0.04821269906177547,0.188,15226246,6843652,5609275,13681265.861071609,657570.8252074288,5750201.535329326,2325283.6592535875
1950,3611.4,31220.0,4861.018867924533,114913.01886792453,50107125.28641749,0.04815209195123441,0.188,15226246,6843652,5604402,13702213.271342266,654705.2201365553,5759005.679033755,2316901.1159049193
1960,3629.92,31220.0,4885.947169811319,114937.94716981132,50120657.76327995,0.04809210327321619,0.188,15226246,6843652,5599564,13723010.195159907,651860.2016077504,5767746.573661545,2308578.7928507514
1970,3648.44,31220.0,4910.87547169812,114962.87547169812,50134093.73876452,0.04803272397002536,0.188,15226246,6843652,5594761,13743658.248365287,649035.5485740587,5776424.8983464595,2300316.0434787134
1980,3666.96,31220.0,4935.803773584907,114987.8037735849,50147433.61982481,0.047973944210292045,0.188,15226246,6843652,5589992,13764159.023748167,646231.0431418797,5785041.32253405,2292112.2304007127
1990,3685.48,31220.0,4960.732075471693,115012.7320754717,50160677.79341495,0.047915754346683305,0.188,15226246,6843652,5585256,13784514.091457179,643446.4705149367,5793596.506153807,2283966.7252890295
2000,3704.0,31220.0,4985.660377358494,115037.6603773585,50173829.62684353,0.04785814777284254,0.188,15226246,6843652,5580555,13804724.999400554,640681.618939436,5802091.099787641,2275878.9087158954
2010,3722.52,31220.0,5010.58867924528,115062.58867924528,50186887.46812009,0.047801113278458936,0.188,15226246,6843652,5575886,13824793.27363842,637936.2796503897,5810525.74483481,2267848.169996474
2020,3741.04,31220.0,5035.516981132081,115087.51698113208,50199854.64629474,0.047744644590533604,0.188,15226246,6843652,5571251,13844720.418767178,635210.2468190667,5818901.073673352,2259873.907035147
2030,3759.5600000000004,31220.0,5060.4452830188675,115112.44528301887,50212729.47178997,0.047688730837626196,0.188,15226246,6843652,5566647,13864507.918295236,632503.3175015537,5827217.709818142,2251955.526175038
2040,3778.0800000000004,31220.0,5085.373584905654,115137.37358490565,50225515.23672612,0.047633366063673355,0.188,15226246,6843652,5562076,13884157.23501143,629815.2915883885,5835476.268075622,2244092.4420506847
2050,3796.6000000000004,31220.0,5110.301886792455,115162.30188679245,50238212.21523973,0.047578541614013654,0.188,15226246,6843652,5557537,13903669.81134539,627145.9717552485,5843677.354695309,2236284.077443787
2060,3815.1200000000003,31220.0,5135.230188679241,115187.23018867924,50250820.66379514,0.04752424898891997,0.188,15226246,6843652,5553029,13923047.069720374,624495.1634146646,5851821.567518148,2228529.8631419595
2070,3833.6400000000003,31220.0,5160.158490566042,115212.15849056604,50263342.821490176,0.04747048172872823,0.188,15226246,6843652,5548553,13942290.412899239,621862.6746687343,5859909.496121793,2220829.23780041
2080,3852.1600000000003,31220.0,5185.086792452828,115237.08679245283,50275777.91035475,0.047417230681561694,0.188,15226246,6843652,5544107,13961401.224322585,619248.3162628139,5867941.721962876,2213181.647806474
2090,3870.6800000000003,31220.0,5210.015094339629,115262.01509433963,50288128.13564414,0.047364489670428125,0.188,15226246,6843652,5539692,13980380.86844067,616651.9015401627,5875918.8185163615,2205586.5471469443
2100,3889.2000000000003,31220.0,5234.943396226416,115286.94339622642,50300393.68612546,0.047312250767671454,0.188,15226246,6843652,5535307,13999230.691037789,614073.2463975202,5883841.351412032,2198043.397278117
2110,3907.7200000000003,31220.0,5259.871698113202,115311.8716981132,50312575.734358944,0.04726050712245445,0.188,15226246,6843652,5530952,14017952.01955068,611512.1692415876,5891709.878568179,2190551.666998499
2120,3926.2400000000002,31220.0,5284.800000000003,115336.8,50324674.43697309,0.04720925107510747,0.188,15226246,6843652,5526626,14036546.16338,608968.490946401,5899524.950322583,2183110.8323241076
2130,3944.76,31220.0,5309.728301886789,115361.72830188679,50336691.9349342,0.047158476970839885,0.188,15226246,6843652,5522330,14055014.414195506,606442.0348115677,5907287.109560819,2175720.376366304
2140,3963.28,31220.0,5334.65660377359,115386.65660377359,50348628.35381085,0.04710817740190565,0.188,15226246,6843652,5518063,14073358.046235433,603932.6265213473,5914996.891841967,2168379.789212099
2150,3981.8,31220.0,5359.5849056603765,115411.58490566038,50360483.80403248,0.047058345085808924,0.188,15226246,6843652,5513824,14091578.316599246,601440.0941045616,5922654.825521796,2161088.567806876
2160,4000.32,31220.0,5384.513207547163,115436.51320754716,50372260.38114335,0.04700897472886785,0.188,15226246,6843652,5509614,14109676.465535106,598964.267895306,5930261.431873465,2153846.215839468
2170,4018.84,31220.0,5409.441509433964,115461.44150943396,50383958.166050956,0.046960059283344534,0.188,15226246,6843652,5505432,14127653.716721166,596504.9804944526,5937817.225205799,2146652.2436295412
2180,4037.36,31220.0,5434.36981132075,115486.36981132075,50395578.22526962,0.0469115927492893,0.188,15226246,6843652,5501278,14145511.277541263,594062.0667319201,5945322.712979208,2139506.168017229
2190,4055.88,31220.0,5459.298113207551,115511.29811320755,50407120.61115946,0.04686356830663938,0.188,15226246,6843652,5497151,14163250.339355499,591635.3636296946,5952778.395919311,2132407.512254957
2200,4074.4,31220.0,5484.226415094337,115536.22641509434,50418587.36216015,0.04681598110414264,0.188,15226246,6843652,5493052,14180872.077764876,589224.7103655849,5960184.768128272,2125355.805901419
2210,4092.92,31220.0,5509.154716981138,115561.15471698114,50429977.50302064,0.046768823608375774,0.188,15226246,6843652,5488979,14198377.652871316,586829.9482376934,5967542.317193975,2118350.5847176504
2220,4111.4400000000005,31220.0,5534.083018867925,115586.08301886792,50441294.045023724,0.04672209210237583,0.188,15226246,6843652,5484934,14215768.209531961,584450.9206295909,5974851.524297018,2111391.3905651495
2230,4129.96,31220.0,5559.011320754711,115611.01132075471,50452535.98620678,0.046675779259517,0.188,15226246,6843652,5480915,14233044.877609,582087.4729761694,5982112.864315612,2104477.7713059974
2240,4148.4800000000005,31220.0,5583.939622641512,115635.93962264151,50463704.311577804,0.04662987970793588,0.188,15226246,6843652,5476922,14250208.772214262,579739.4527301688,5989326.805928438,2097609.2807049355
2250,4167.0,31220.0,5608.867924528298,115660.8679245283,50474799.993327245,0.04658438817126871,0.188,15226246,6843652,5472955,14267260.99394906,577406.7093293568,5996493.811715474,2090785.478333359
2260,4185.52,31220.0,5633.796226415099,115685.7962264151,50485823.99103605,0.04653929946653891,0.188,15226246,6843652,5469014,14284202.629139656,575089.0941643422,6003614.338256884,2084005.9294751685
2270,4204.04,31220.0,5658.724528301886,115710.72452830189,50496776.251879156,0.04649460758135556,0.188,15226246,6843652,5465098,14301034.750067707,572786.4605470197,6010688.836229971,2077270.2050344578
2280,4222.56,31220.0,5683.6528301886865,115735.65283018869,50507658.71082562,0.04645030843629422,0.188,15226246,6843652,5461208,14317758.415196761,570498.6636796178,6017717.750504265,2070577.8814449767
2290,4241.08,31220.0,5708.581132075473,115760.58113207547,50518470.29083432,0.0464063952791787,0.188,15226246,6843652,5457342,14334374.66939385,568225.5606243488,6024701.520234775,2063928.540581347
2300,4259.6,31220.0,5733.509433962259,115785.50943396226,50529213.90304646,0.04636286512194809,0.188,15226246,6843652,5453502,14350884.544147382,565967.0102736376,6031640.578953462,2057321.769671978
2310,4278.12,31220.0,5758.43773584906,115810.43773584906,50539887.44697393,0.04631971046918761,0.188,15226246,6843652,5449685,14367289.057780432,563722.8733209217,6038535.35465893,2050757.1612136483
2320,4296.64,31220.0,5783.3660377358465,115835.36603773585,50550493.810684256,0.04627692849706939,0.188,15226246,6843652,5445893,14383589.215660062,561493.0122320112,6045386.2699044505,2044234.3128877257
2330,4315.16,31220.0,5808.294339622647,115860.29433962265,50561033.87098214,0.046234514624578275,0.188,15226246,6843652,5442126,14399786.01040292,559277.2912169877,6052193.741884268,2037752.8274779697
2340,4333.68,31220.0,5833.222641509434,115885.22264150943,50571506.49358731,0.046192462522189316,0.188,15226246,6843652,5438382,14415880.42207647,557075.5762026424,6058958.182518296,2031312.3127899012
2350,4352.2,31220.0,5858.15094339622,115910.15094339622,50581912.53330929,0.046150767769910415,0.188,15226246,6843652,5434661,14431873.41839695,554887.7348054317,6065679.998535209,2024912.381571696
2360,4370.72,31220.0,5883.079245283021,115935.07924528302,50592253.834218636,0.04610942693405762,0.188,15226246,6843652,5430964,14447765.954923173,552713.6363049418,6072359.591553958,2018552.6514365608
2370,4389.24,31220.0,5908.007547169807,115960.00754716981,50602530.22981499,0.046068434829505185,0.188,15226246,6843652,5427290,14463558.975246795,550553.1516178558,6078997.35816376,2012232.7447865792
2380,4407.76,31220.0,5932.935849056608,115984.93584905661,50612742.54319226,0.04602778725632986,0.188,15226246,6843652,5423639,14479253.411179284,548406.1532724029,6085593.690002601,2005952.2887379758
2390,4426.280000000001,31220.0,5957.864150943395,116009.8641509434,50622891.58720022,0.045987480084899966,0.188,15226246,6843652,5420011,14494850.182934912,546272.5153832894,6092148.973834244,1999710.9150477743
2400,4444.8,31220.0,5982.792452830181,116034.79245283018,50632977.16460364,0.045947508346948905,0.188,15226246,6843652,5416405,14510350.199310875,544152.1136270931,6098663.591623842,1993508.260041832
2410,4463.320000000001,31220.0,6007.720754716982,116059.72075471698,50643001.06823811,0.04590786895845828,0.188,15226246,6843652,5412822,14525754.35786368,542044.8252181156,6105137.920612121,1987343.9645441917
2420,4481.84,31220.0,6032.649056603768,116084.64905660377,50652962.08116296,0.04586855618091484,0.188,15226246,6843652,5409260,14541063.545082325,539950.5288846816,6111572.333388197,1981217.6738077588
2430,4500.360000000001,31220.0,6057.577358490569,116109.57735849057,50662862.97681174,0.04582956796642211,0.188,15226246,6843652,5405721,14556278.63655857,537869.1048458732,6117967.197961052,1975129.0374462407
2440,4518.88,31220.0,6082.5056603773555,116134.50566037736,50672702.51913938,0.045790898708163934,0.188,15226246,6843652,5402203,14571400.497153634,535800.434788695,6124322.877829701,1969077.7093673493
2450,4537.400000000001,31220.0,6107.433962264156,116159.43396226416,50682482.46276726,0.045752545576992786,0.188,15226246,6843652,5398707,14586429.981162315,533744.4018456539,6130639.732052066,1963063.347707221
2460,4555.92,31220.0,6132.362264150943,116184.36226415094,50692202.55312498,0.04571450399713681,0.188,15226246,6843652,5395232,14601367.932473602,531700.8905727527,6136918.115312588,1957085.614766036
2470,4574.4400000000005,31220.0,6157.290566037729,116209.29056603773,50701863.526590206,0.04567677035687534,0.188,15226246,6843652,5391778,14616215.184728881,529669.7869278811,6143158.377988629,1951144.176944813
2480,4592.96,31220.0,6182.21886792453,116234.21886792453,50711466.11062549,0.04563934110274124,0.188,15226246,6843652,5388345,14630972.561476907,527650.9782496004,6149360.866215633,1945238.7046833488
2490,4611.4800000000005,31220.0,6207.147169811316,116259.14716981132,50721010.02391268,0.045602211839271795,0.188,15226246,6843652,5384932,14645640.876325952,525644.3532363132,6155525.9219511375,1939368.8723992803
2500,4630.0,31220.0,6232.075471698117,116284.07547169812,50730497.976485305,0.04556538092507867,0.188,15226246,6843652,5381541,14660220.933093624,523649.80192580755,6161653.883037624,1933534.3584282543
2510,4648.52,31220.0,6257.003773584904,116309.0037735849,50739927.66985792,0.045528842279971476,0.188,15226246,6843652,5378169,14674713.525953364,521667.2156751706,6167745.08326422,1927734.8449651606
2520,4667.04,31220.0,6281.932075471705,116333.9320754717,50749301.79715378,0.04549259437019302,0.188,15226246,6843652,5374818,14689119.439578975,519696.48714106076,6173799.852427312,1921970.018006435
2530,4685.56,31220.0,6306.860377358491,116358.86037735849,50758620.04322971,0.045456633020960806,0.188,15226246,6843652,5371487,14703439.449285926,517737.5102603354,6179818.516390068,1916239.5672933804
2540,4704.08,31220.0,6331.788679245277,116383.78867924528,50767882.08479916,0.045420954112598604,0.188,15226246,6843652,5368175,14717674.321170723,515790.18023102207,6185801.397140903,1910543.18625651
2550,4722.6,31220.0,6356.716981132078,116408.71698113208,50777089.59055281,0.04538555536709494,0.188,15226246,6843652,5364883,14731824.81224741,513854.3934936287,6191748.812850895,1904880.5719608734
2560,4741.12,31220.0,6381.645283018865,116433.64528301886,50786243.22127697,0.04535043365962064,0.188,15226246,6843652,5361611,14745891.670581646,511930.0477127853,6197661.077930183,1899251.4250523534
2570,4759.64,31220.0,6406.5735849056655,116458.57358490567,50795342.62997033,0.0453155850218612,0.188,15226246,6843652,5358358,14759875.635422813,510017.04175921006,6203538.503083389,1893655.4497049144
2580,4778.16,31220.0,6431.501886792452,116483.50188679245,50804388.46195802,0.045281006427834225,0.188,15226246,6843652,5355124,14773777.437333211,508115.2756919938,6209381.395364034,1888092.3535687786
2590,4796.68,31220.0,6456.430188679253,116508.43018867925,50813381.35500429,0.04524669489829075,0.188,15226246,6843652,5351909,14787597.798315566,506224.6507411945,6215190.058228013,1882561.8477195136
2600,4815.2,31220.0,6481.358490566039,116533.35849056604,50822321.93942267,0.04521264749981626,0.188,15226246,6843652,5348713,14801337.431937775,504345.06929073884,6220964.791586141,1877063.6466080134
2610,4833.72,31220.0,6506.2867924528255,116558.28679245283,50831209.83818464,0.04517886045515133,0.188,15226246,6843652,5345535,14814997.043455917,502476.43486162025,6226705.891855759,1871597.4680113487
2620,4852.240000000001,31220.0,6531.215094339626,116583.21509433963,50840046.667026184,0.04514533181036624,0.188,15226246,6843652,5342376,14828577.329934858,500618.65209539095,6232413.652011456,1866163.032984481
2630,4870.76,31220.0,6556.143396226413,116608.14339622641,50848832.034552395,0.04511205787716348,0.188,15226246,6843652,5339235,14842078.980366727,498771.6267379421,6238088.361634912,1860760.0658128094
2640,4889.280000000001,31220.0,6581.071698113214,116633.07169811321,50857566.54234061,0.04507903589927163,0.188,15226246,6843652,5336112,14855502.675787639,496935.2656235606,6243730.306963864,1855388.29396554
2650,4907.8,31220.0,6606.0,116658.0,50866250.78504137,0.04504626316202328,0.188,15226246,6843652,5333007,14868849.089391993,495109.47665926727,6249339.770940244,1850047.4480498657
2660,4926.320000000001,31195.054054054053,6630.945945945947,116658.0,50874924.670899585,0.04501377178200273,0.188,15226246,6843652,5329920,14882158.486075943,493293.8898002345,6254917.033257475,1844737.2617659273
2670,4944.84,31170.108108108107,6655.8918918918935,116658.0,50883549.23551081,0.04498152407439025,0.188,15226246,6843652,5326851,14895391.697581999,491488.69565930415,6260462.370406954,1839457.4718625564
2680,4963.360000000001,31145.162162162163,6680.83783783784,116658.0,50892124.055262245,0.044949516564394346,0.188,15226246,6843652,5323799,14908549.37618803,489693.80525669904,6265976.055723746,1834207.8180937665
2690,4981.88,31120.216216216217,6705.783783783787,116658.0,50900650.699979946,0.04491774758376645,0.188,15226246,6843652,5320765,14921632.166746935,487909.1306255144,6271458.3594315,1828988.043175998
2700,5000.400000000001,31095.27027027027,6730.729729729734,116658.0,50909128.73302198,0.044886213735595176,0.188,15226246,6843652,5317748,14934640.70679196,486134.5847973461,6276909.548686592,1823797.8927460818
2710,5018.92,31070.324324324323,6755.67567567568,116658.0,50917558.71136988,0.04485491254406904,0.188,15226246,6843652,5314748,14947575.626640273,484370.0817881636,6282329.887621517,1818637.115319922
2720,5037.4400000000005,31045.37837837838,6780.621621621627,116658.0,50925941.18571863,0.0448238415697856,0.188,15226246,6843652,5311765,14960437.549494771,482615.5365844214,6287719.6373875635,1813505.4622518749
2730,5055.96,31020.432432432433,6805.567567567574,116658.0,50934275.70056515,0.04479299752965715,0.188,15226246,6843652,5308798,14973227.091544185,480870.8651294067,6293079.056196745,1808402.6876948187
2740,5074.4800000000005,30995.486486486487,6830.513513513521,116658.0,50942563.79429519,0.04476237893602899,0.188,15226246,6843652,5305848,14985944.862061447,479135.9843098138,6298408.399363039,1803328.548560887
2750,5093.0,30970.54054054054,6855.459459459467,116658.0,50950805.999268845,0.044731983454766415,0.188,15226246,6843652,5302915,14998591.463500487,477410.81194254773,6303707.919342937,1798282.8044828728
2760,5111.52,30945.594594594593,6880.405405405414,116658.0,50959001.841904625,0.0447018079083516,0.188,15226246,6843652,5299998,15011167.491591318,475695.2667617455,6308977.865775297,1793265.2177762662
2770,5130.04,30920.64864864865,6905.351351351346,116658.0,50967152.84276209,0.04467185090836266,0.188,15226246,6843652,5297098,15023673.535433592,473989.2684060156,6314218.48552055,1788275.553401935
2780,5148.56,30895.702702702703,6930.297297297293,116658.0,50975257.51662327,0.04464210846879406,0.188,15226246,6843652,5294213,15036110.177588698,472292.73740588984,6319430.0226992555,1783313.578929426
2790,5167.08,30870.756756756757,6955.24324324324,116658.0,50983318.37257235,0.04461258014158766,0.188,15226246,6843652,5291345,15048477.99417001,470605.5951714837,6324612.718729988,1778379.064500868
2800,5185.6,30845.81081081081,6980.189189189186,116658.0,50991333.914074495,0.044583262007066624,0.188,15226246,6843652,5288492,15060777.554932011,468927.76398036024,6329766.812366639,1773471.782795484
2810,5204.12,30820.864864864863,7005.135135135133,116658.0,50999305.63905308,0.044554152802986004,0.188,15226246,6843652,5285655,15073009.42335774,467259.166965595,6334892.539735064,1768591.5089946769
2820,5222.64,30795.91891891892,7030.08108108108,116658.0,51007233.03996572,0.044525249548746516,0.188,15226246,6843652,5282833,15085174.156744834,465599.72810403677,6339990.134369147,1763738.0207477005
2830,5241.16,30770.972972972973,7055.027027027027,116658.0,51015117.6038791,0.04449655104077495,0.188,15226246,6843652,5280027,15097272.306290183,463949.37220476236,6345059.827246274,1758911.0981378881
2840,5259.68,30746.027027027027,7079.972972972973,116658.0,51022959.812542535,0.04446805523043414,0.188,15226246,6843652,5277237,15109304.417173168,462308.0248977189,6350101.846822213,1754110.5236494362
2850,5278.2,30721.08108108108,7104.91891891892,116658.0,51030758.142460294,0.044439758356154525,0.188,15226246,6843652,5274461,15121271.028637575,460675.61262255313,6355116.419065436,1749336.0821347318
2860,5296.72,30696.135135135137,7129.864864864867,116658.0,51038515.064962864,0.04441166017071862,0.188,15226246,6843652,5271701,15133172.674072152,459052.06261762115,6360103.76749088,1744587.5607822083
2870,5315.240000000001,30671.18918918919,7154.810810810814,116658.0,51046229.04627687,0.0443837569712584,0.188,15226246,6843652,5268955,15145009.881089821,457437.3029091775,6365064.113193139,1739864.749084727
2880,5333.76,30646.243243243243,7179.75675675676,116658.0,51053902.5475941,0.04435604856280237,0.188,15226246,6843652,5266225,15156783.171605717,455831.2623007403,6369997.67487917,1735167.43880847
2890,5352.280000000001,30621.297297297297,7204.702702702707,116658.0,51061534.025139175,0.04432853129921991,0.188,15226246,6843652,5263509,15168493.061913822,454233.87036262493,6374904.668900399,1730495.4239623323
2900,5370.8,30596.35135135135,7229.648648648654,116658.0,51069123.930236354,0.044301203300986865,0.188,15226246,6843652,5260807,15180140.062762508,452645.0574216516,6379785.30928438,1725848.500767815
2910,5389.320000000001,30571.405405405407,7254.594594594586,116658.0,51076673.709374994,0.04427406358123018,0.188,15226246,6843652,5258120,15191724.6794287,451064.7545510126,6384639.807765893,1721226.4676293908
2920,5407.84,30546.45945945946,7279.540540540533,116658.0,51084183.804274336,0.04424711030968897,0.188,15226246,6843652,5255448,15203247.411791109,449492.8935603057,6389468.373817567,1716629.1251053563
2930,5426.360000000001,30521.513513513513,7304.486486486479,116658.0,51091652.651946835,0.044220339950068625,0.188,15226246,6843652,5252789,15214708.754401946,447929.4069857264,6394271.214680022,1712056.2758791419
2940,5444.88,30496.567567567567,7329.432432432426,116658.0,51099082.68476079,0.04419375245526103,0.188,15226246,6843652,5250145,15226109.196557792,446374.22808041476,6399048.535391503,1707507.724731082
2950,5463.400000000001,30471.62162162162,7354.378378378373,116658.0,51106473.33050185,0.0441673452044502,0.188,15226246,6843652,5247515,15237449.222369185,444827.2908049574,6403800.538817067,1702983.2785106339
2960,5481.92,30446.675675675677,7379.32432432432,116658.0,51113825.012433544,0.04414111646669226,0.188,15226246,6843652,5244899,15248729.310829176,443288.5298180392,6408527.425677293,1698482.7461090363
2970,5500.4400000000005,30421.72972972973,7404.270270270266,116658.0,51121137.149356954,0.04411506367140427,0.188,15226246,6843652,5242296,15259949.935880747,441757.880467244,6413229.394576557,1694005.9384324031
2980,5518.96,30396.783783783783,7429.216216216213,116658.0,51128411.15566928,0.04408918599808535,0.188,15226246,6843652,5239707,15271111.566483205,440235.2787799987,6417906.642030832,1689552.6683752388
2990,5537.4800000000005,30371.837837837837,7454.16216216216,116658.0,51135647.44142161,0.044063481784550586,0.188,15226246,6843652,5237132,15282214.66667751,438720.6614546606,6422559.362495075,1685122.7507943688
3000,5556.0,30346.891891891893,7479.1081081081065,116658.0,51142845.4123758,0.04403794852970012,0.188,15226246,6843652,5234570,15293259.695650594,437213.965851746,6427187.748390175,1680716.0024832857
3010,5574.52,30321.945945945947,7504.054054054053,116658.0,51150006.47006029,0.04401258547761607,0.188,15226246,6843652,5232022,15304247.107798636,435715.1299852927,6431791.990129476,1676332.242146887
3020,5593.04,30297.0,7529.0,116658.0,51157130.01182528,0.043987390171642875,0.188,15226246,6843652,5229487,15315177.35278941,434224.0925143612,6436372.276144893,1671971.2903766164
3030,5611.56,30272.054054054053,7553.945945945947,116658.0,51164216.4308969,0.04396236103787845,0.188,15226246,6843652,5226965,15326050.875623623,432740.79273466574,6440928.792912624,1667632.9696259894
3040,5630.08,30247.108108108107,7578.8918918918935,116658.0,51171266.11643056,0.04393749652312998,0.188,15226246,6843652,5224456,15336868.116695287,431265.1705703354,6445461.724978443,1663317.1041864934
3050,5648.6,30222.162162162163,7603.83783783784,116658.0,51178279.45356351,0.043912795094574346,0.188,15226246,6843652,5221960,15347629.511851203,429797.1665658044,6449971.254982633,1659023.5201638709
3060,5667.12,30197.216216216217,7628.783783783787,116658.0,51185256.823466554,0.044047848894841486,0.188,15226246,6843652,5219477,15358335.492449474,428336.72187782545,6454457.563684493,1654752.0454547578
3070,5685.64,30172.27027027027,7653.729729729734,116658.0,51192198.603394985,0.04402338046629695,0.188,15226246,6843652,5217007,15368986.485417163,426883.7782676083,6458920.82998652,1650502.5097236934
3080,5704.16,30147.324324324323,7678.67567567568,116658.0,51199104.16673876,0.043999070361778,0.188,15226246,6843652,5214549,15379582.91330704,425438.27809307806,6463361.230958168,1646274.7443804755
3090,5722.68,30122.37837837838,7703.621621621627,116658.0,51205974.88307183,0.04413541038332667,0.188,15226246,6843652,5212104,15390125.194353448,424000.16430125147,6467778.94185927,1642068.582557863
3100,5741.200000000001,30097.432432432433,7728.567567567574,116658.0,51212810.118200794,0.044111325848756086,0.188,15226246,6843652,5209671,15400613.742527334,422569.3804207313,6472174.136163099,1637883.8590896253
3110,5759.72,30072.486486486487,7753.513513513521,116658.0,51219611.23421277,0.0440873967416001,0.188,15226246,6843652,5207251,15411048.967590462,421145.87055431434,6476546.9855790725,1633720.4104889203
3120,5778.240000000001,30047.54054054054,7778.459459459467,116658.0,51226377.58952258,0.044063620792248556,0.188,15226246,6843652,5204843,15421431.275148736,419729.5793717121,6480897.6600751225,1629578.0749270052
3130,5796.76,30022.594594594593,7803.405405405414,116658.0,51233109.53891913,0.044201315279904924,0.188,15226246,6843652,5202447,15431761.066704778,418320.4521023814,6485226.327899699,1625456.6922122668
3140,5815.280000000001,29997.64864864865,7828.351351351346,116658.0,51239807.43361116,0.04417775551020057,0.188,15226246,6843652,5200063,15442038.739709647,416918.43452846457,6489533.1556034805,1621356.1037695743
3150,5833.8,29972.702702702703,7853.297297297293,116658.0,51246471.621272445,0.04415434532796504,0.188,15226246,6843652,5197691,15452264.687613947,415523.47297783475,6493818.30806072,1617276.1526199377
3160,5852.320000000001,29947.756756756757,7878.24324324324,116658.0,51253102.446085826,0.0441310833908699,0.188,15226246,6843652,5195331,15462439.29991782,414135.5143172476,6498081.948490285,1613216.6833604777
3170,5870.84,29922.81081081081,7903.189189189186,116658.0,51259700.248787284,0.044270130021956726,0.188,15226246,6843652,5192983,15472562.962220589,412754.5059455955,6502324.238476404,1609177.5421446962
3180,5889.360000000001,29897.864864864863,7928.135135135133,116658.0,51266265.36670868,0.04424707616929573,0.188,15226246,6843652,5190647,15482636.056269348,411380.3957872606,6506545.337989038,1605158.5766630347
3190,5907.88,29872.91891891892,7953.08108108108,116658.0,51272797.133820355,0.04422416630341373,0.188,15226246,6843652,5188322,15492658.960007027,410013.13228557067,6510745.405404023,1601159.6361237366
3200,5926.400000000001,29847.972972972973,7978.027027027027,116658.0,51279296.88077282,0.04420140000709765,0.188,15226246,6843652,5186009,15502632.04761962,408652.6643963504,6514924.597522868,1597180.5712339825
3210,5944.92,29823.027027027027,8002.972972972973,116658.0,51285763.934937924,0.04434179646455904,0.188,15226246,6843652,5183707,15512555.689582773,407298.9415815693,6519083.069592269,1593221.2341813152
3220,5963.4400000000005,29798.08108108108,8027.91891891892,116658.0,51292199.62044936,0.044319229702029714,0.188,15226246,6843652,5181417,15522430.252707625,405951.9138030829,6523220.975323319,1589281.4786153305
3230,5981.96,29773.135135135137,8052.864864864867,116658.0,51298603.25824266,0.04429680241479883,0.188,15226246,6843652,5179138,15532256.100186056,404611.5315164687,6527338.466910477,1585361.159629653
3240,6000.4800000000005,29748.18918918919,8077.810810810814,116658.0,51304975.16609447,0.044274513381502734,0.188,15226246,6843652,5176870,15542033.591635158,403277.7456649502,6531435.695050194,1581460.1337441616
3250,6019.0,29723.243243243243,8102.75675675676,116658.0,51311316.65866139,0.04441625989623237,0.188,15226246,6843652,5174614,15551763.083141163,401950.5076734135,6535512.808959322,1577578.2588874914
3260,6037.52,29698.297297297297,8127.702702702707,116658.0,51317626.04751816,0.044394162224855274,0.188,15226246,6843652,5172368,15561444.927302638,400629.7694425093,6539569.956393226,1573715.3943797827
3270,6056.04,29673.35135135135,8152.648648648654,116658.0,51323904.641195215,0.044372199731411946,0.188,15226246,6843652,5170133,15571079.473273076,399315.48334284226,6543607.283663615,1569871.4009156856
3280,6074.56,29648.405405405407,8177.594594594586,116658.0,51330153.74521588,0.044515243384812365,0.188,15226246,6843652,5167910,15580667.066802863,398007.6022092464,6547624.9356561545,1566046.1405476173
3290,6093.08,29623.45945945946,8202.540540540533,116658.0,51336371.662132934,0.04449346710729468,0.188,15226246,6843652,5165697,15590208.050280746,396706.07933514164,6551623.0558477845,1562239.4766692584
3300,6111.6,29598.513513513513,8227.48648648648,116658.0,51342559.691564485,0.04447182303900252,0.188,15226246,6843652,5163495,15599702.762774415,395410.868466975,6555601.786323804,1558451.2739992908
3310,6130.12,29573.567567567567,8252.432432432426,116658.0,51348717.13022959,0.04445030918511161,0.188,15226246,6843652,5161303,15609151.540070778,394121.92379874043,6559561.267794699,1554681.3985653715
3320,6148.64,29548.62162162162,8277.378378378373,116658.0,51354845.27198318,0.04459470486875575,0.188,15226246,6843652,5159122,15618554.714715522,392839.1999665791,6563501.639612733,1550929.7176883393
3330,6167.16,29523.675675675677,8302.32432432432,116658.0,51360944.40785056,0.04457337053396119,0.188,15226246,6843652,5156952,15627912.616052149,391562.6520434578,6567423.0397883,1547196.0999666515
3340,6185.68,29498.72972972973,8327.270270270266,116658.0,51367013.82606137,0.04455216358299178,0.188,15226246,6843652,5154792,15637225.570260383,390292.2355339226,6571325.605006025,1543480.4152610367
3350,6204.200000000001,29473.783783783783,8352.216216216213,116658.0,51373053.81208308,0.04453108293739865,0.188,15226246,6843652,5152642,15646493.900394112,389027.9063689299,6575209.470640658,1539782.5346793805
3360,6222.72,29448.837837837837,8377.16216216216,116658.0,51379065.648654014,0.04467683299862145,0.188,15226246,6843652,5150503,15655717.92641872,387769.6209007505,6579074.770772724,1536102.330561818
3370,6241.240000000001,29423.891891891893,8402.108108108107,116658.0,51385047.61581584,0.044655923759543636,0.188,15226246,6843652,5148373,15664897.965247905,386517.33589794626,6582921.638203948,1532439.6764660424
3380,6259.76,29398.945945945947,8427.054054054053,116658.0,51391001.99094572,0.044635138996534214,0.188,15226246,6843652,5146254,15674034.330780001,385271.0085404197,6586750.204472475,1528794.4471528272
3390,6278.280000000001,29374.0,8452.0,116658.0,51396928.04878783,0.04461447680797429,0.188,15226246,6843652,5144145,15683127.333933707,384030.596414532,6590560.59986784,1525166.518571746
3400,6296.8,29349.054054054053,8476.945945945947,116658.0,51402826.06148461,0.0447615825505339,0.188,15226246,6843652,5142046,15692177.282683427,382796.0575082934,6594352.953445785,1521555.767847108
3410,6315.320000000001,29324.108108108107,8501.891891891893,116658.0,51408696.298607446,0.0447410856958196,0.188,15226246,6843652,5139957,15701184.482093962,381567.3502066185,6598127.393042793,1517962.0732640764
3420,6333.84,29299.162162162163,8526.83783783784,116658.0,51414539.02718698,0.044720708840938074,0.188,15226246,6843652,5137878,15710149.234354861,380344.4332866511,6601884.04529047,1514385.3142549996
3430,6352.360000000001,29274.216216216217,8551.783783783787,116658.0,51420353.51174294,0.04470045012832001,0.188,15226246,6843652,5135808,15719071.838814156,379127.2659131533,6605623.035629709,1510825.371385922
3440,6370.88,29249.27027027027,8576.729729729734,116658.0,51426142.01431363,0.04484891526492488,0.188,15226246,6843652,5133749,15727952.592011731,377915.8076339611,6609344.488324644,1507282.126343293
3450,6389.400000000001,29224.324324324323,8601.67567567568,116658.0,51431901.79448493,0.044828815225563076,0.188,15226246,6843652,5131698,15736791.787712138,376710.018375502,6613048.526476424,1503755.461920859
3460,6407.92,29199.37837837838,8626.621621621627,116658.0,51437636.109418906,0.04480883261253815,0.188,15226246,6843652,5129658,15745589.716937013,375509.8584383769,6616735.272036777,1500245.2620067392
3470,6426.4400000000005,29174.432432432433,8651.567567567574,116658.0,51443343.213882096,0.04495861990571047,0.188,15226246,6843652,5127627,15754346.667997,374315.2884930031,6620404.8458214095,1496751.4115706834
3480,6444.96,29149.486486486487,8676.51351351352,116658.0,51449023.360273264,0.04493879100560912,0.188,15226246,6843652,5125605,15763062.926523255,373126.26957531745,6624057.367523189,1493273.7966515042
3490,6463.4800000000005,29124.54054054054,8701.459459459467,116658.0,51454677.79865089,0.04491907628446994,0.188,15226246,6843652,5123593,15771738.77549849,371942.76308254065,6627692.955725164,1489812.30434469
3500,6482.0,29099.594594594593,8726.405405405414,116658.0,51460305.77676021,0.044899473951644384,0.188,15226246,6843652,5121590,15780374.495287629,370764.73076899943,6631311.727913402,1486366.822790183
3510,6500.52,29074.64864864865,8751.351351351346,116658.0,51465907.54005989,0.04505062942445257,0.188,15226246,6843652,5119596,15788970.363667922,369592.134742006,6634913.800489633,1482937.2411603294
3520,6519.04,29049.702702702703,8776.297297297293,116658.0,51471484.33174844,0.045031176345437574,0.188,15226246,6843652,5117612,15797526.6558589,368424.9374577956,6638499.288783742,1479523.4496479994
3530,6537.56,29024.756756756757,8801.24324324324,116658.0,51477034.39279002,0.04501183250847852,0.188,15226246,6843652,5115636,15806043.644551562,367263.10171752004,6642068.3070660755,1476125.3394548649
3540,6556.08,28999.81081081081,8826.189189189186,116658.0,51482559.961940154,0.044992598783735634,0.188,15226246,6843652,5113670,15814521.599937439,366106.5906632949,6645620.968559576,1472742.802779841
3550,6574.6,28974.864864864867,8851.135135135133,116658.0,51488060.2757709,0.04514512790584837,0.188,15226246,6843652,5111713,15822960.789737152,364955.3677743022,6649157.385451762,1469375.732807688
3560,6593.12,28949.91891891892,8876.08108108108,116658.0,51493534.56869585,0.04512603659436084,0.188,15226246,6843652,5109764,15831361.479228606,363809.3968629467,6652677.668906528,1466024.0236977672
3570,6611.64,28924.972972972973,8901.027027027027,116658.0,51498985.07299458,0.045107053225634394,0.188,15226246,6843652,5107825,15839723.931274766,362668.6420710631,6656181.929075806,1462687.5705729504
3580,6630.160000000001,28900.027027027027,8925.972972972973,116658.0,51504410.018836975,0.04508817520390789,0.188,15226246,6843652,5105894,15848048.406351078,361533.06786617654,6659670.275111045,1459366.2695086785
3590,6648.68,28875.08108108108,8950.91891891892,116658.0,51509810.634307064,0.04524208227472484,0.188,15226246,6843652,5103972,15856335.162572533,360402.6390378129,6663142.81517454,1456060.017522176
3600,6667.200000000001,28850.135135135133,8975.864864864867,116658.0,51515187.14542658,0.04522334268137181,0.188,15226246,6843652,5102059,15864584.455720298,359277.3206938595,6666599.656450621,1452768.7125618013
3610,6685.72,28825.18918918919,9000.810810810814,116658.0,51520538.77617832,0.045204706356714947,0.188,15226246,6843652,5100154,15872796.53926811,358157.078256976,6670040.905156686,1449492.2534965526
3620,6704.240000000001,28800.243243243243,9025.75675675676,116658.0,51525866.74852897,0.04518617336925834,0.188,15226246,6843652,5098258,15880971.664408157,357041.87746105116,6673466.666554061,1446230.5401057035
3630,6722.76,28775.297297297297,9050.702702702707,116658.0,51531170.28245181,0.04534146412637232,0.188,15226246,6843652,5096370,15889110.08007675,355931.6843477107,6676877.044958752,1442983.473068589
3640,6741.280000000001,28750.35135135135,9075.648648648654,116658.0,51536450.595948964,0.04532306404542462,0.188,15226246,6843652,5094491,15897212.032979554,354826.4652628689,6680272.143752018,1439750.9539545213
3650,6759.8,28725.405405405407,9100.594594594586,116658.0,51541706.905073516,0.04530476443548898,0.188,15226246,6843652,5092620,15905277.767616512,353726.1868533294,6683652.06539083,1436532.8852128452
3660,6778.320000000001,28700.45945945946,9125.540540540533,116658.0,51546940.42395125,0.045286565398606225,0.188,15226246,6843652,5090758,15913307.526306532,352630.8160634283,6687016.9114181725,1433329.1701631239
3670,6796.84,28675.513513513513,9150.48648648648,116658.0,51552150.36480201,0.04544324700655657,0.188,15226246,6843652,5088904,15921301.549211612,351540.3201317257,6690366.78247321,1430139.7129854586
3680,6815.360000000001,28650.567567567567,9175.432432432426,116658.0,51557336.93796086,0.04542517555555681,0.188,15226246,6843652,5087058,15929260.07436087,350454.6665877378,6693701.778301324,1426964.418710931
3690,6833.88,28625.62162162162,9200.378378378373,116658.0,51562500.351899065,0.04540720189510585,0.188,15226246,6843652,5085220,15937183.337674158,349373.82324871526,6697021.997764012,1423803.1932121844
3700,6852.400000000001,28600.675675675677,9225.32432432432,116658.0,51567641.8132446,0.045565253779964385,0.188,15226246,6843652,5083391,15945071.572985364,348297.75821646204,6700327.538848657,1420655.9431941153
3710,6870.92,28575.72972972973,9250.270270270266,116658.0,51572759.526802495,0.04554740455368822,0.188,15226246,6843652,5081569,15952925.01206543,347226.4398741984,6703618.498678168,1417522.5761847012
3720,6889.4400000000005,28550.783783783783,9275.216216216213,116658.0,51577855.695574924,0.04552965215657245,0.188,15226246,6843652,5079756,15960743.88464503,346159.8368834635,6706894.973520489,1414403.0005259379
3730,6907.96,28525.837837837837,9300.16216216216,116658.0,51582928.520780966,0.0455119940975268,0.188,15226246,6843652,5077950,15968528.418437004,345097.91818106006,6710157.058797994,1411297.1253649094
3740,6926.4800000000005,28500.891891891893,9325.108108108107,116658.0,51587979.20187615,0.0456714516728017,0.188,15226246,6843652,5076152,15976278.839158414,344040.6529760382,6713404.849096732,1408204.8606449591
3750,6945.0,28475.945945945947,9350.054054054053,116658.0,51593008.93657173,0.04565391482074913,0.188,15226246,6843652,5074363,15983995.370552422,342988.01074672054,6716638.438175599,1405126.117096994
3760,6963.52,28451.0,9375.0,116658.0,51598015.92085375,0.045636470537409234,0.188,15226246,6843652,5072581,15991678.234409768,341939.9612377633,6719857.918975331,1402060.806230888
3770,6982.04,25605.9,9375.0,113812.9,49849926.866191305,0.14520279568840455,0.188,15226246,5132739,5070806,15956868.006136961,341195.6360999133,6723063.383627424,1399008.840327007
3780,7000.56,22760.8,9375.0,110967.8,49812913.596782155,0.16883639875265719,0.188,15226246,5132739,5069040,15922208.996516347,340454.54437504907,6726254.923462919,1395970.1324278398
3790,7019.08,19915.7,9375.0,108122.7,49776060.11271344,0.19821634973181101,0.188,15226246,5132739,5067281,15887700.222323122,339716.66503949533,6729432.629021082,1392944.5963297405
3800,7037.6,17070.6,9375.0,105277.6,49311638.42272212,0.23803523227048679,0.188,15226246,4705011,5065530,15853340.708837949,338981.97725144395,6732596.590057954,1389932.1465747762
3810,7056.12,14225.5,9375.0,102432.5,49275102.54410169,0.30200373505874156,0.188,15226246,4705011,5063786,15819129.489755204,338250.4603489916,6735746.895554814,1386932.6984426791
3820,7074.64,11380.400000000001,9375.0,99587.4,49238724.50260998,0.4292573600735371,0.188,15226246,4705011,5062050,15785065.60709237,337522.0938482028,6738883.63372651,1383946.1679429067
3830,7093.160000000001,8535.3,9375.0,96742.3,49202502.33237833,0.6967071650514182,0.188,15226246,4705011,5060321,15751148.111100633,336796.8574411982,6742006.892029698,1380972.4718068012
3840,7111.68,5690.200000000001,9375.0,93897.2,49166436.07582172,1.8556679537984175,0.188,15226246,4705011,5058600,15717376.060176622,336074.73099426733,6745116.757170979,1378011.5274798512
3850,7130.200000000001,2845.0999999999985,9375.0,91052.1,48702795.7835502,1.8556679537984175,0.188,15226246,4277283,5056886,15683748.52077524,335355.6945460047,6748213.315114903,1375063.2531140493
3860,7148.72,0.0,9375.0,88207.0,48667037.51428141,1.8556679537984175,0.188,15226246,4277283,5055180,15650264.567323675,334639.72830547096,6751296.651091907,1372127.567560354
